{"cameraMode":{"drawMode":0,"name":"Shaded","section":"Shading Mode"},"sceneLighting":false,"audioPlay":false,"sceneViewState":{"m_AlwaysRefresh":false,"showFog":true,"showSkybox":false,"showFlares":true,"showImageEffects":true,"showParticleSystems":true,"showVisualEffectGraphs":true,"m_FxEnabled":true},"in2DMode":false,"pivot":{"x":0.01845468580722809,"y":-5.915410995483398,"z":3.459625005722046},"rotation":{"x":0.17394647002220155,"y":-0.02658482827246189,"z":0.004697357304394245,"w":0.9843959212303162},"size":3.174152374267578,"orthographic":true}