{"cameraMode":{"drawMode":0,"name":"Shaded","section":"Shading Mode"},"sceneLighting":true,"audioPlay":false,"sceneViewState":{"m_AlwaysRefresh":false,"showFog":true,"showSkybox":true,"showFlares":true,"showImageEffects":true,"showParticleSystems":true,"showVisualEffectGraphs":true,"m_FxEnabled":true},"in2DMode":false,"pivot":{"x":102.05699920654297,"y":56.900001525878909,"z":-354.27899169921877},"rotation":{"x":0.6778208017349243,"y":-0.011026942171156407,"z":0.010168074630200863,"w":0.7350743412971497},"size":1.7411776781082154,"orthographic":true}