{"cameraMode":{"drawMode":0,"name":"Shaded","section":"Shading Mode"},"sceneLighting":true,"audioPlay":false,"sceneViewState":{"m_AlwaysRefresh":false,"showFog":true,"showSkybox":true,"showFlares":true,"showImageEffects":true,"showParticleSystems":true,"showVisualEffectGraphs":true,"m_FxEnabled":true},"in2DMode":false,"pivot":{"x":5.834552764892578,"y":-1.2270466089248658,"z":-0.9154270887374878},"rotation":{"x":0.11599767208099365,"y":-0.649303138256073,"z":0.10112196952104569,"w":0.7448057532310486},"size":11.697393417358399,"orthographic":true}