{"cameraMode":{"drawMode":0,"name":"Shaded","section":"Shading Mode"},"sceneLighting":false,"audioPlay":false,"sceneViewState":{"m_AlwaysRefresh":false,"showFog":true,"showSkybox":false,"showFlares":true,"showImageEffects":true,"showParticleSystems":true,"showVisualEffectGraphs":true,"m_FxEnabled":true},"in2DMode":false,"pivot":{"x":-0.02000001072883606,"y":0.030000001192092897,"z":-0.0020000040531158449},"rotation":{"x":-0.01576215587556362,"y":0.5885472893714905,"z":0.011478324420750142,"w":0.8082295656204224},"size":0.7686855792999268,"orthographic":true}