{"cameraMode":{"drawMode":0,"name":"Shaded","section":"Shading Mode"},"sceneLighting":false,"audioPlay":false,"sceneViewState":{"m_AlwaysRefresh":false,"showFog":true,"showSkybox":false,"showFlares":true,"showImageEffects":true,"showParticleSystems":true,"showVisualEffectGraphs":true,"m_FxEnabled":true},"in2DMode":false,"pivot":{"x":0.13938629627227784,"y":-0.1964501142501831,"z":0.29349780082702639},"rotation":{"x":0.012829059734940529,"y":-0.31121379137039187,"z":0.004201599396765232,"w":0.9502447843551636},"size":17.388269424438478,"orthographic":false}