{"cameraMode":{"drawMode":0,"name":"Shaded","section":"Shading Mode"},"sceneLighting":false,"audioPlay":false,"sceneViewState":{"m_AlwaysRefresh":false,"showFog":true,"showSkybox":false,"showFlares":true,"showImageEffects":true,"showParticleSystems":true,"showVisualEffectGraphs":true,"m_FxEnabled":true},"in2DMode":false,"pivot":{"x":0.13199999928474427,"y":-3.693000078201294,"z":-3.9099998474121095},"rotation":{"x":0.1052105724811554,"y":-0.6648913621902466,"z":0.09539362043142319,"w":0.7333155274391174},"size":0.8641061782836914,"orthographic":false}